Name,Type1,Type2,Evolution,IMG_Path
abomasnow,Grass,Ice,,https://github.com/Karthikeya622/Pokedex/blob/main/Images/abomasnow.png
abra,Psychic,,kadabra,https://github.com/Karthikeya622/Pokedex/blob/main/Images/abra.png
absol,Dark,,,https://github.com/Karthikeya622/Pokedex/blob/main/Images/absol.png
accelgor,Bug,,,https://github.com/Karthikeya622/Pokedex/blob/main/Images/accelgor.png
aegislash-blade,Steel,Ghost,,https://github.com/Karthikeya622/Pokedex/blob/main/Images/aegislash-blade.png
aerodactyl,Rock,Flying,,https://github.com/Karthikeya622/Pokedex/blob/main/Images/aerodactyl.png
aggron,Steel,Rock,,https://github.com/Karthikeya622/Pokedex/blob/main/Images/aggron.png
aipom,Normal,,,https://github.com/Karthikeya622/Pokedex/blob/main/Images/aipom.png
alakazam,Psychic,,,https://github.com/Karthikeya622/Pokedex/blob/main/Images/alakazam.png
alomomola,Water,,,https://github.com/Karthikeya622/Pokedex/blob/main/Images/alomomola.png
altaria,Dragon,Flying,,https://github.com/Karthikeya622/Pokedex/blob/main/Images/altaria.png
amaura,Rock,Ice,,https://github.com/Karthikeya622/Pokedex/blob/main/Images/amaura.png
ambipom,Normal,,,https://github.com/Karthikeya622/Pokedex/blob/main/Images/ambipom.png
amoonguss,Grass,Poison,,https://github.com/Karthikeya622/Pokedex/blob/main/Images/amoonguss.png
ampharos,Electric,,,https://github.com/Karthikeya622/Pokedex/blob/main/Images/ampharos.png
anorith,Rock,Bug,,https://github.com/Karthikeya622/Pokedex/blob/main/Images/anorith.png
araquanid,Water,Bug,,https://github.com/Karthikeya622/Pokedex/blob/main/Images/araquanid.png
arbok,Poison,,,https://github.com/Karthikeya622/Pokedex/blob/main/Images/arbok.png
arcanine,Fire,,,https://github.com/Karthikeya622/Pokedex/blob/main/Images/arcanine.png
arceus,Normal,,,https://github.com/Karthikeya622/Pokedex/blob/main/Images/arceus.png
archen,Rock,Flying,,https://github.com/Karthikeya622/Pokedex/blob/main/Images/archen.png
archeops,Rock,Flying,,https://github.com/Karthikeya622/Pokedex/blob/main/Images/archeops.png
ariados,Bug,Poison,,https://github.com/Karthikeya622/Pokedex/blob/main/Images/ariados.png
armaldo,Rock,Bug,,https://github.com/Karthikeya622/Pokedex/blob/main/Images/armaldo.png
aromatisse,Fairy,,,https://github.com/Karthikeya622/Pokedex/blob/main/Images/aromatisse.png
aron,Steel,Rock,,https://github.com/Karthikeya622/Pokedex/blob/main/Images/aron.png
articuno,Ice,Flying,,https://github.com/Karthikeya622/Pokedex/blob/main/Images/articuno.png
audino,Normal,,,https://github.com/Karthikeya622/Pokedex/blob/main/Images/audino.png
aurorus,Rock,Ice,,https://github.com/Karthikeya622/Pokedex/blob/main/Images/aurorus.png
avalugg,Ice,,,https://github.com/Karthikeya622/Pokedex/blob/main/Images/avalugg.png
axew,Dragon,,,https://github.com/Karthikeya622/Pokedex/blob/main/Images/axew.png
azelf,Psychic,,,https://github.com/Karthikeya622/Pokedex/blob/main/Images/azelf.png
azumarill,Water,Fairy,,https://github.com/Karthikeya622/Pokedex/blob/main/Images/azumarill.png
azurill,Normal,Fairy,,https://github.com/Karthikeya622/Pokedex/blob/main/Images/azurill.png
bagon,Dragon,,,https://github.com/Karthikeya622/Pokedex/blob/main/Images/bagon.png
baltoy,Ground,Psychic,,https://github.com/Karthikeya622/Pokedex/blob/main/Images/baltoy.png
banette,Ghost,,,https://github.com/Karthikeya622/Pokedex/blob/main/Images/banette.png
barbaracle,Rock,Water,,https://github.com/Karthikeya622/Pokedex/blob/main/Images/barbaracle.png
barboach,Water,Ground,,https://github.com/Karthikeya622/Pokedex/blob/main/Images/barboach.png
basculin-red-striped,Water,,,https://github.com/Karthikeya622/Pokedex/blob/main/Images/basculin-red-striped.png
bastiodon,Rock,Steel,,https://github.com/Karthikeya622/Pokedex/blob/main/Images/bastiodon.png
bayleef,Grass,,,https://github.com/Karthikeya622/Pokedex/blob/main/Images/bayleef.png
beartic,Ice,,,https://github.com/Karthikeya622/Pokedex/blob/main/Images/beartic.png
beautifly,Bug,Flying,,https://github.com/Karthikeya622/Pokedex/blob/main/Images/beautifly.png
beedrill,Bug,Poison,,https://github.com/Karthikeya622/Pokedex/blob/main/Images/beedrill.png
beheeyem,Psychic,,,https://github.com/Karthikeya622/Pokedex/blob/main/Images/beheeyem.png
beldum,Steel,Psychic,,https://github.com/Karthikeya622/Pokedex/blob/main/Images/beldum.png
bellossom,Grass,,,https://github.com/Karthikeya622/Pokedex/blob/main/Images/bellossom.png
bellsprout,Grass,Poison,,https://github.com/Karthikeya622/Pokedex/blob/main/Images/bellsprout.png
bergmite,Ice,,,https://github.com/Karthikeya622/Pokedex/blob/main/Images/bergmite.png
bewear,Normal,Fighting,,https://github.com/Karthikeya622/Pokedex/blob/main/Images/bewear.png
bibarel,Normal,Water,,https://github.com/Karthikeya622/Pokedex/blob/main/Images/bibarel.png
bidoof,Normal,,,https://github.com/Karthikeya622/Pokedex/blob/main/Images/bidoof.png
binacle,Rock,Water,,https://github.com/Karthikeya622/Pokedex/blob/main/Images/binacle.png
bisharp,Dark,Steel,,https://github.com/Karthikeya622/Pokedex/blob/main/Images/bisharp.png
blacephalon,Fire,Ghost,,https://github.com/Karthikeya622/Pokedex/blob/main/Images/blacephalon.png
blastoise,Water,,,https://github.com/Karthikeya622/Pokedex/blob/main/Images/blastoise.png
blaziken,Fire,Fighting,,https://github.com/Karthikeya622/Pokedex/blob/main/Images/blaziken.png
blissey,Normal,,,https://github.com/Karthikeya622/Pokedex/blob/main/Images/blissey.png
blitzle,Electric,,,https://github.com/Karthikeya622/Pokedex/blob/main/Images/blitzle.png
boldore,Rock,,,https://github.com/Karthikeya622/Pokedex/blob/main/Images/boldore.png
bonsly,Rock,,,https://github.com/Karthikeya622/Pokedex/blob/main/Images/bonsly.png
bouffalant,Normal,,,https://github.com/Karthikeya622/Pokedex/blob/main/Images/bouffalant.png
bounsweet,Grass,,,https://github.com/Karthikeya622/Pokedex/blob/main/Images/bounsweet.png
braixen,Fire,,,https://github.com/Karthikeya622/Pokedex/blob/main/Images/braixen.png
braviary,Normal,Flying,,https://github.com/Karthikeya622/Pokedex/blob/main/Images/braviary.png
breloom,Grass,Fighting,,https://github.com/Karthikeya622/Pokedex/blob/main/Images/breloom.png
brionne,Water,,,https://github.com/Karthikeya622/Pokedex/blob/main/Images/brionne.png
bronzong,Steel,Psychic,,https://github.com/Karthikeya622/Pokedex/blob/main/Images/bronzong.png
bronzor,Steel,Psychic,,https://github.com/Karthikeya622/Pokedex/blob/main/Images/bronzor.png
bruxish,Water,Psychic,,https://github.com/Karthikeya622/Pokedex/blob/main/Images/bruxish.png
budew,Grass,Poison,,https://github.com/Karthikeya622/Pokedex/blob/main/Images/budew.png
buizel,Water,,,https://github.com/Karthikeya622/Pokedex/blob/main/Images/buizel.png
bulbasaur,Grass,Poison,ivysaur,https://github.com/Karthikeya622/Pokedex/blob/main/Images/bulbasaur.png
buneary,Normal,,,https://github.com/Karthikeya622/Pokedex/blob/main/Images/buneary.png
bunnelby,Normal,,,https://github.com/Karthikeya622/Pokedex/blob/main/Images/bunnelby.png
burmy,Bug,,,https://github.com/Karthikeya622/Pokedex/blob/main/Images/burmy.png
butterfree,Bug,Flying,,https://github.com/Karthikeya622/Pokedex/blob/main/Images/butterfree.png
buzzwole,Bug,Fighting,,https://github.com/Karthikeya622/Pokedex/blob/main/Images/buzzwole.png
cacnea,Grass,,,https://github.com/Karthikeya622/Pokedex/blob/main/Images/cacnea.png
cacturne,Grass,Dark,,https://github.com/Karthikeya622/Pokedex/blob/main/Images/cacturne.png
camerupt,Fire,Ground,,https://github.com/Karthikeya622/Pokedex/blob/main/Images/camerupt.png
carbink,Rock,Fairy,,https://github.com/Karthikeya622/Pokedex/blob/main/Images/carbink.png
carnivine,Grass,,,https://github.com/Karthikeya622/Pokedex/blob/main/Images/carnivine.png
carracosta,Water,Rock,,https://github.com/Karthikeya622/Pokedex/blob/main/Images/carracosta.png
carvanha,Water,Dark,,https://github.com/Karthikeya622/Pokedex/blob/main/Images/carvanha.png
cascoon,Bug,,,https://github.com/Karthikeya622/Pokedex/blob/main/Images/cascoon.png
castform,Normal,,,https://github.com/Karthikeya622/Pokedex/blob/main/Images/castform.png
caterpie,Bug,,metapod,https://github.com/Karthikeya622/Pokedex/blob/main/Images/caterpie.png
celebi,Psychic,Grass,,https://github.com/Karthikeya622/Pokedex/blob/main/Images/celebi.png
celesteela,Steel,Flying,,https://github.com/Karthikeya622/Pokedex/blob/main/Images/celesteela.png
chandelure,Ghost,Fire,,https://github.com/Karthikeya622/Pokedex/blob/main/Images/chandelure.png
chansey,Normal,,,https://github.com/Karthikeya622/Pokedex/blob/main/Images/chansey.png
charizard,Fire,Flying,,https://github.com/Karthikeya622/Pokedex/blob/main/Images/charizard.png
charjabug,Bug,Electric,,https://github.com/Karthikeya622/Pokedex/blob/main/Images/charjabug.png
charmander,Fire,,charmeleon,https://github.com/Karthikeya622/Pokedex/blob/main/Images/charmander.png
charmeleon,Fire,,charizard,https://github.com/Karthikeya622/Pokedex/blob/main/Images/charmeleon.png
chatot,Normal,Flying,,https://github.com/Karthikeya622/Pokedex/blob/main/Images/chatot.png
cherrim,Grass,,,https://github.com/Karthikeya622/Pokedex/blob/main/Images/cherrim.png
cherubi,Grass,,,https://github.com/Karthikeya622/Pokedex/blob/main/Images/cherubi.png
chesnaught,Grass,Fighting,,https://github.com/Karthikeya622/Pokedex/blob/main/Images/chesnaught.png
chespin,Grass,,,https://github.com/Karthikeya622/Pokedex/blob/main/Images/chespin.png
chikorita,Grass,,,https://github.com/Karthikeya622/Pokedex/blob/main/Images/chikorita.png
chimchar,Fire,,,https://github.com/Karthikeya622/Pokedex/blob/main/Images/chimchar.png
chimecho,Psychic,,,https://github.com/Karthikeya622/Pokedex/blob/main/Images/chimecho.png
chinchou,Water,Electric,,https://github.com/Karthikeya622/Pokedex/blob/main/Images/chinchou.png
chingling,Psychic,,,https://github.com/Karthikeya622/Pokedex/blob/main/Images/chingling.png
cinccino,Normal,,,https://github.com/Karthikeya622/Pokedex/blob/main/Images/cinccino.png
clamperl,Water,,,https://github.com/Karthikeya622/Pokedex/blob/main/Images/clamperl.png
clauncher,Water,,,https://github.com/Karthikeya622/Pokedex/blob/main/Images/clauncher.png
clawitzer,Water,,,https://github.com/Karthikeya622/Pokedex/blob/main/Images/clawitzer.png
claydol,Ground,Psychic,,https://github.com/Karthikeya622/Pokedex/blob/main/Images/claydol.png
clefable,Fairy,,,https://github.com/Karthikeya622/Pokedex/blob/main/Images/clefable.png
clefairy,Fairy,,clefable,https://github.com/Karthikeya622/Pokedex/blob/main/Images/clefairy.png
cleffa,Fairy,,,https://github.com/Karthikeya622/Pokedex/blob/main/Images/cleffa.png
cloyster,Water,Ice,,https://github.com/Karthikeya622/Pokedex/blob/main/Images/cloyster.png
cobalion,Steel,Fighting,,https://github.com/Karthikeya622/Pokedex/blob/main/Images/cobalion.png
cofagrigus,Ghost,,,https://github.com/Karthikeya622/Pokedex/blob/main/Images/cofagrigus.png
combee,Bug,Flying,,https://github.com/Karthikeya622/Pokedex/blob/main/Images/combee.png
combusken,Fire,Fighting,,https://github.com/Karthikeya622/Pokedex/blob/main/Images/combusken.png
comfey,Fairy,,,https://github.com/Karthikeya622/Pokedex/blob/main/Images/comfey.png
conkeldurr,Fighting,,,https://github.com/Karthikeya622/Pokedex/blob/main/Images/conkeldurr.png
corphish,Water,,,https://github.com/Karthikeya622/Pokedex/blob/main/Images/corphish.png
corsola,Water,Rock,,https://github.com/Karthikeya622/Pokedex/blob/main/Images/corsola.png
cosmoem,Psychic,,,https://github.com/Karthikeya622/Pokedex/blob/main/Images/cosmoem.png
cosmog,Psychic,,,https://github.com/Karthikeya622/Pokedex/blob/main/Images/cosmog.png
cottonee,Grass,Fairy,,https://github.com/Karthikeya622/Pokedex/blob/main/Images/cottonee.png
crabominable,Fighting,Ice,,https://github.com/Karthikeya622/Pokedex/blob/main/Images/crabominable.png
crabrawler,Fighting,,,https://github.com/Karthikeya622/Pokedex/blob/main/Images/crabrawler.png
cradily,Rock,Grass,,https://github.com/Karthikeya622/Pokedex/blob/main/Images/cradily.png
cranidos,Rock,,,https://github.com/Karthikeya622/Pokedex/blob/main/Images/cranidos.png
crawdaunt,Water,Dark,,https://github.com/Karthikeya622/Pokedex/blob/main/Images/crawdaunt.png
cresselia,Psychic,,,https://github.com/Karthikeya622/Pokedex/blob/main/Images/cresselia.png
croagunk,Poison,Fighting,,https://github.com/Karthikeya622/Pokedex/blob/main/Images/croagunk.png
crobat,Poison,Flying,,https://github.com/Karthikeya622/Pokedex/blob/main/Images/crobat.png
croconaw,Water,,,https://github.com/Karthikeya622/Pokedex/blob/main/Images/croconaw.png
crustle,Bug,Rock,,https://github.com/Karthikeya622/Pokedex/blob/main/Images/crustle.png
cryogonal,Ice,,,https://github.com/Karthikeya622/Pokedex/blob/main/Images/cryogonal.png
cubchoo,Ice,,,https://github.com/Karthikeya622/Pokedex/blob/main/Images/cubchoo.png
cubone,Ground,,,https://github.com/Karthikeya622/Pokedex/blob/main/Images/cubone.png
cutiefly,Bug,Fairy,,https://github.com/Karthikeya622/Pokedex/blob/main/Images/cutiefly.png
cyndaquil,Fire,,,https://github.com/Karthikeya622/Pokedex/blob/main/Images/cyndaquil.png
darkrai,Dark,,,https://github.com/Karthikeya622/Pokedex/blob/main/Images/darkrai.png
darmanitan-standard,Fire,,,https://github.com/Karthikeya622/Pokedex/blob/main/Images/darmanitan-standard.png
dartrix,Grass,Flying,,https://github.com/Karthikeya622/Pokedex/blob/main/Images/dartrix.png
darumaka,Fire,,,https://github.com/Karthikeya622/Pokedex/blob/main/Images/darumaka.png
decidueye,Grass,Ghost,,https://github.com/Karthikeya622/Pokedex/blob/main/Images/decidueye.png
dedenne,Electric,Fairy,,https://github.com/Karthikeya622/Pokedex/blob/main/Images/dedenne.png
deerling,Normal,Grass,,https://github.com/Karthikeya622/Pokedex/blob/main/Images/deerling.png
deino,Dark,Dragon,,https://github.com/Karthikeya622/Pokedex/blob/main/Images/deino.png
delcatty,Normal,,,https://github.com/Karthikeya622/Pokedex/blob/main/Images/delcatty.png
delibird,Ice,Flying,,https://github.com/Karthikeya622/Pokedex/blob/main/Images/delibird.png
delphox,Fire,Psychic,,https://github.com/Karthikeya622/Pokedex/blob/main/Images/delphox.png
deoxys-normal,Psychic,,,https://github.com/Karthikeya622/Pokedex/blob/main/Images/deoxys-normal.png
dewgong,Water,Ice,,https://github.com/Karthikeya622/Pokedex/blob/main/Images/dewgong.png
dewott,Water,,,https://github.com/Karthikeya622/Pokedex/blob/main/Images/dewott.png
dewpider,Water,Bug,,https://github.com/Karthikeya622/Pokedex/blob/main/Images/dewpider.png
dhelmise,Ghost,Grass,,https://github.com/Karthikeya622/Pokedex/blob/main/Images/dhelmise.png
dialga,Steel,Dragon,,https://github.com/Karthikeya622/Pokedex/blob/main/Images/dialga.png
diancie,Rock,Fairy,,https://github.com/Karthikeya622/Pokedex/blob/main/Images/diancie.png
diggersby,Normal,Ground,,https://github.com/Karthikeya622/Pokedex/blob/main/Images/diggersby.png
diglett,Ground,,dugtrio,https://github.com/Karthikeya622/Pokedex/blob/main/Images/diglett.png
ditto,Normal,,,https://github.com/Karthikeya622/Pokedex/blob/main/Images/ditto.png
dodrio,Normal,Flying,,https://github.com/Karthikeya622/Pokedex/blob/main/Images/dodrio.png
doduo,Normal,Flying,,https://github.com/Karthikeya622/Pokedex/blob/main/Images/doduo.png
donphan,Ground,,,https://github.com/Karthikeya622/Pokedex/blob/main/Images/donphan.png
doublade,Steel,Ghost,,https://github.com/Karthikeya622/Pokedex/blob/main/Images/doublade.png
dragalge,Poison,Dragon,,https://github.com/Karthikeya622/Pokedex/blob/main/Images/dragalge.png
dragonair,Dragon,,,https://github.com/Karthikeya622/Pokedex/blob/main/Images/dragonair.png
dragonite,Dragon,Flying,,https://github.com/Karthikeya622/Pokedex/blob/main/Images/dragonite.png
drampa,Normal,Dragon,,https://github.com/Karthikeya622/Pokedex/blob/main/Images/drampa.png
drapion,Poison,Dark,,https://github.com/Karthikeya622/Pokedex/blob/main/Images/drapion.png
dratini,Dragon,,,https://github.com/Karthikeya622/Pokedex/blob/main/Images/dratini.png
drifblim,Ghost,Flying,,https://github.com/Karthikeya622/Pokedex/blob/main/Images/drifblim.png
drifloon,Ghost,Flying,,https://github.com/Karthikeya622/Pokedex/blob/main/Images/drifloon.png
drilbur,Ground,,,https://github.com/Karthikeya622/Pokedex/blob/main/Images/drilbur.png
drowzee,Psychic,,,https://github.com/Karthikeya622/Pokedex/blob/main/Images/drowzee.png
druddigon,Dragon,,,https://github.com/Karthikeya622/Pokedex/blob/main/Images/druddigon.png
ducklett,Water,Flying,,https://github.com/Karthikeya622/Pokedex/blob/main/Images/ducklett.png
dugtrio,Ground,,,https://github.com/Karthikeya622/Pokedex/blob/main/Images/dugtrio.png
dunsparce,Normal,,,https://github.com/Karthikeya622/Pokedex/blob/main/Images/dunsparce.png
duosion,Psychic,,,https://github.com/Karthikeya622/Pokedex/blob/main/Images/duosion.png
durant,Bug,Steel,,https://github.com/Karthikeya622/Pokedex/blob/main/Images/durant.png
dusclops,Ghost,,,https://github.com/Karthikeya622/Pokedex/blob/main/Images/dusclops.png
dusknoir,Ghost,,,https://github.com/Karthikeya622/Pokedex/blob/main/Images/dusknoir.png
duskull,Ghost,,,https://github.com/Karthikeya622/Pokedex/blob/main/Images/duskull.png
dustox,Bug,Poison,,https://github.com/Karthikeya622/Pokedex/blob/main/Images/dustox.png
dwebble,Bug,Rock,,https://github.com/Karthikeya622/Pokedex/blob/main/Images/dwebble.png
eelektrik,Electric,,,https://github.com/Karthikeya622/Pokedex/blob/main/Images/eelektrik.png
eelektross,Electric,,,https://github.com/Karthikeya622/Pokedex/blob/main/Images/eelektross.png
eevee,Normal,,,https://github.com/Karthikeya622/Pokedex/blob/main/Images/eevee.png
ekans,Poison,,arbok,https://github.com/Karthikeya622/Pokedex/blob/main/Images/ekans.png
electabuzz,Electric,,,https://github.com/Karthikeya622/Pokedex/blob/main/Images/electabuzz.png
electivire,Electric,,,https://github.com/Karthikeya622/Pokedex/blob/main/Images/electivire.png
electrike,Electric,,,https://github.com/Karthikeya622/Pokedex/blob/main/Images/electrike.png
electrode,Electric,,,https://github.com/Karthikeya622/Pokedex/blob/main/Images/electrode.png
elekid,Electric,,,https://github.com/Karthikeya622/Pokedex/blob/main/Images/elekid.png
elgyem,Psychic,,,https://github.com/Karthikeya622/Pokedex/blob/main/Images/elgyem.png
emboar,Fire,Fighting,,https://github.com/Karthikeya622/Pokedex/blob/main/Images/emboar.png
emolga,Electric,Flying,,https://github.com/Karthikeya622/Pokedex/blob/main/Images/emolga.png
empoleon,Water,Steel,,https://github.com/Karthikeya622/Pokedex/blob/main/Images/empoleon.png
entei,Fire,,,https://github.com/Karthikeya622/Pokedex/blob/main/Images/entei.png
escavalier,Bug,Steel,,https://github.com/Karthikeya622/Pokedex/blob/main/Images/escavalier.png
espeon,Psychic,,,https://github.com/Karthikeya622/Pokedex/blob/main/Images/espeon.png
espurr,Psychic,,,https://github.com/Karthikeya622/Pokedex/blob/main/Images/espurr.png
excadrill,Ground,Steel,,https://github.com/Karthikeya622/Pokedex/blob/main/Images/excadrill.png
exeggcute,Grass,Psychic,,https://github.com/Karthikeya622/Pokedex/blob/main/Images/exeggcute.png
exeggutor,Grass,Psychic,,https://github.com/Karthikeya622/Pokedex/blob/main/Images/exeggutor.png
exploud,Normal,,,https://github.com/Karthikeya622/Pokedex/blob/main/Images/exploud.png
farfetchd,Normal,Flying,,https://github.com/Karthikeya622/Pokedex/blob/main/Images/farfetchd.png
fearow,Normal,Flying,,https://github.com/Karthikeya622/Pokedex/blob/main/Images/fearow.png
feebas,Water,,,https://github.com/Karthikeya622/Pokedex/blob/main/Images/feebas.png
fennekin,Fire,,,https://github.com/Karthikeya622/Pokedex/blob/main/Images/fennekin.png
feraligatr,Water,,,https://github.com/Karthikeya622/Pokedex/blob/main/Images/feraligatr.png
ferroseed,Grass,Steel,,https://github.com/Karthikeya622/Pokedex/blob/main/Images/ferroseed.png
ferrothorn,Grass,Steel,,https://github.com/Karthikeya622/Pokedex/blob/main/Images/ferrothorn.png
finneon,Water,,,https://github.com/Karthikeya622/Pokedex/blob/main/Images/finneon.png
flaaffy,Electric,,,https://github.com/Karthikeya622/Pokedex/blob/main/Images/flaaffy.png
flabebe,Fairy,,,https://github.com/Karthikeya622/Pokedex/blob/main/Images/flabebe.png
flareon,Fire,,,https://github.com/Karthikeya622/Pokedex/blob/main/Images/flareon.png
fletchinder,Fire,Flying,,https://github.com/Karthikeya622/Pokedex/blob/main/Images/fletchinder.png
fletchling,Normal,Flying,,https://github.com/Karthikeya622/Pokedex/blob/main/Images/fletchling.png
floatzel,Water,,,https://github.com/Karthikeya622/Pokedex/blob/main/Images/floatzel.png
floette,Fairy,,,https://github.com/Karthikeya622/Pokedex/blob/main/Images/floette.png
florges,Fairy,,,https://github.com/Karthikeya622/Pokedex/blob/main/Images/florges.png
flygon,Ground,Dragon,,https://github.com/Karthikeya622/Pokedex/blob/main/Images/flygon.png
fomantis,Grass,,,https://github.com/Karthikeya622/Pokedex/blob/main/Images/fomantis.png
foongus,Grass,Poison,,https://github.com/Karthikeya622/Pokedex/blob/main/Images/foongus.png
forretress,Bug,Steel,,https://github.com/Karthikeya622/Pokedex/blob/main/Images/forretress.png
fraxure,Dragon,,,https://github.com/Karthikeya622/Pokedex/blob/main/Images/fraxure.png
frillish,Water,Ghost,,https://github.com/Karthikeya622/Pokedex/blob/main/Images/frillish.png
froakie,Water,,,https://github.com/Karthikeya622/Pokedex/blob/main/Images/froakie.png
frogadier,Water,,,https://github.com/Karthikeya622/Pokedex/blob/main/Images/frogadier.png
froslass,Ice,Ghost,,https://github.com/Karthikeya622/Pokedex/blob/main/Images/froslass.png
furfrou,Normal,,,https://github.com/Karthikeya622/Pokedex/blob/main/Images/furfrou.png
furret,Normal,,,https://github.com/Karthikeya622/Pokedex/blob/main/Images/furret.png
gabite,Dragon,Ground,,https://github.com/Karthikeya622/Pokedex/blob/main/Images/gabite.png
gallade,Psychic,Fighting,,https://github.com/Karthikeya622/Pokedex/blob/main/Images/gallade.png
galvantula,Bug,Electric,,https://github.com/Karthikeya622/Pokedex/blob/main/Images/galvantula.png
garbodor,Poison,,,https://github.com/Karthikeya622/Pokedex/blob/main/Images/garbodor.png
garchomp,Dragon,Ground,,https://github.com/Karthikeya622/Pokedex/blob/main/Images/garchomp.png
gardevoir,Psychic,Fairy,,https://github.com/Karthikeya622/Pokedex/blob/main/Images/gardevoir.png
gastly,Ghost,Poison,,https://github.com/Karthikeya622/Pokedex/blob/main/Images/gastly.png
gastrodon,Water,Ground,,https://github.com/Karthikeya622/Pokedex/blob/main/Images/gastrodon.png
genesect,Bug,Steel,,https://github.com/Karthikeya622/Pokedex/blob/main/Images/genesect.png
gengar,Ghost,Poison,,https://github.com/Karthikeya622/Pokedex/blob/main/Images/gengar.png
geodude,Rock,Ground,,https://github.com/Karthikeya622/Pokedex/blob/main/Images/geodude.png
gible,Dragon,Ground,,https://github.com/Karthikeya622/Pokedex/blob/main/Images/gible.png
gigalith,Rock,,,https://github.com/Karthikeya622/Pokedex/blob/main/Images/gigalith.png
girafarig,Normal,Psychic,,https://github.com/Karthikeya622/Pokedex/blob/main/Images/girafarig.png
giratina-altered,Ghost,Dragon,,https://github.com/Karthikeya622/Pokedex/blob/main/Images/giratina-altered.png
glaceon,Ice,,,https://github.com/Karthikeya622/Pokedex/blob/main/Images/glaceon.png
glalie,Ice,,,https://github.com/Karthikeya622/Pokedex/blob/main/Images/glalie.png
glameow,Normal,,,https://github.com/Karthikeya622/Pokedex/blob/main/Images/glameow.png
gligar,Ground,Flying,,https://github.com/Karthikeya622/Pokedex/blob/main/Images/gligar.png
gliscor,Ground,Flying,,https://github.com/Karthikeya622/Pokedex/blob/main/Images/gliscor.png
gloom,Grass,Poison,,https://github.com/Karthikeya622/Pokedex/blob/main/Images/gloom.png
gogoat,Grass,,,https://github.com/Karthikeya622/Pokedex/blob/main/Images/gogoat.png
golbat,Poison,Flying,,https://github.com/Karthikeya622/Pokedex/blob/main/Images/golbat.png
goldeen,Water,,,https://github.com/Karthikeya622/Pokedex/blob/main/Images/goldeen.png
golduck,Water,,,https://github.com/Karthikeya622/Pokedex/blob/main/Images/golduck.png
golem,Rock,Ground,,https://github.com/Karthikeya622/Pokedex/blob/main/Images/golem.png
golett,Ground,Ghost,,https://github.com/Karthikeya622/Pokedex/blob/main/Images/golett.png
golisopod,Bug,Water,,https://github.com/Karthikeya622/Pokedex_blob/main/Images/golisopod.png
golurk,Ground,Ghost,,https://github.com/Karthikeya622/Pokedex/blob/main/Images/golurk.png
goodra,Dragon,,,https://github.com/Karthikeya622/Pokedex/blob/main/Images/goodra.png
goomy,Dragon,,,https://github.com/Karthikeya622/Pokedex/blob/main/Images/goomy.png
gorebyss,Water,,,https://github.com/Karthikeya622/Pokedex/blob/main/Images/gorebyss.png
gothita,Psychic,,,https://github.com/Karthikeya622/Pokedex/blob/main/Images/gothita.png
gothitelle,Psychic,,,https://github.com/Karthikeya622/Pokedex/blob/main/Images/gothitelle.png
gothorita,Psychic,,,https://github.com/Karthikeya622/Pokedex/blob/main/Images/gothorita.png
gourgeist-average,Ghost,Grass,,https://github.com/Karthikeya622/Pokedex/blob/main/Images/gourgeist-average.png
granbull,Fairy,,,https://github.com/Karthikeya622/Pokedex/blob/main/Images/granbull.png
graveler,Rock,Ground,,https://github.com/Karthikeya622/Pokedex/blob/main/Images/graveler.png
greninja,Water,Dark,,https://github.com/Karthikeya622/Pokedex/blob/main/Images/greninja.png
grimer,Poison,,,https://github.com/Karthikeya622/Pokedex/blob/main/Images/grimer.png
grotle,Grass,,,https://github.com/Karthikeya622/Pokedex/blob/main/Images/grotle.png
groudon,Ground,,,https://github.com/Karthikeya622/Pokedex/blob/main/Images/groudon.png
grovyle,Grass,,,https://github.com/Karthikeya622/Pokedex/blob/main/Images/grovyle.png
growlithe,Fire,,arcanine,https://github.com/Karthikeya622/Pokedex/blob/main/Images/growlithe.png
grubbin,Bug,,,https://github.com/Karthikeya622/Pokedex/blob/main/Images/grubbin.png
grumpig,Psychic,,,https://github.com/Karthikeya622/Pokedex/blob/main/Images/grumpig.png
gulpin,Poison,,,https://github.com/Karthikeya622/Pokedex/blob/main/Images/gulpin.png
gumshoos,Normal,,,https://github.com/Karthikeya622/Pokedex/blob/main/Images/gumshoos.png
gurdurr,Fighting,,,https://github.com/Karthikeya622/Pokedex/blob/main/Images/gurdurr.png
guzzlord,Dark,Dragon,,https://github.com/Karthikeya622/Pokedex/blob/main/Images/guzzlord.png
gyarados,Water,Flying,,https://github.com/Karthikeya622/Pokedex/blob/main/Images/gyarados.png
hakamo-o,Dragon,Fighting,,https://github.com/Karthikeya622/Pokedex/blob/main/Images/hakamo-o.png
happiny,Normal,,,https://github.com/Karthikeya622/Pokedex/blob/main/Images/happiny.png
hariyama,Fighting,,,https://github.com/Karthikeya622/Pokedex/blob/main/Images/hariyama.png
haunter,Ghost,Poison,,https://github.com/Karthikeya622/Pokedex/blob/main/Images/haunter.png
hawlucha,Fighting,Flying,,https://github.com/Karthikeya622/Pokedex/blob/main/Images/hawlucha.png
haxorus,Dragon,,,https://github.com/Karthikeya622/Pokedex/blob/main/Images/haxorus.png
heatmor,Fire,,,https://github.com/Karthikeya622/Pokedex/blob/main/Images/heatmor.png
heatran,Fire,Steel,,https://github.com/Karthikeya622/Pokedex/blob/main/Images/heatran.png
heliolisk,Electric,Normal,,https://github.com/Karthikeya622/Pokedex/blob/main/Images/heliolisk.png
helioptile,Electric,Normal,,https://github.com/Karthikeya622/Pokedex/blob/main/Images/helioptile.png
heracross,Bug,Fighting,,https://github.com/Karthikeya622/Pokedex/blob/main/Images/heracross.png
herdier,Normal,,,https://github.com/Karthikeya622/Pokedex/blob/main/Images/herdier.png
hippopotas,Ground,,,https://github.com/Karthikeya622/Pokedex/blob/main/Images/hippopotas.png
hippowdon,Ground,,,https://github.com/Karthikeya622/Pokedex/blob/main/Images/hippowdon.png
hitmonchan,Fighting,,,https://github.com/Karthikeya622/Pokedex/blob/main/Images/hitmonchan.png
hitmonlee,Fighting,,,https://github.com/Karthikeya622/Pokedex/blob/main/Images/hitmonlee.png
hitmontop,Fighting,,,https://github.com/Karthikeya622/Pokedex/blob/main/Images/hitmontop.png
honchkrow,Dark,Flying,,https://github.com/Karthikeya622/Pokedex/blob/main/Images/honchkrow.png
honedge,Steel,Ghost,,https://github.com/Karthikeya622/Pokedex/blob/main/Images/honedge.png
ho-oh,Fire,Flying,,https://github.com/Karthikeya622/Pokedex/blob/main/Images/ho-oh.png
hoopa-confined,Psychic,Ghost,,https://github.com/Karthikeya622/Pokedex/blob/main/Images/hoopa-confined.png
hoothoot,Normal,Flying,,https://github.com/Karthikeya622/Pokedex/blob/main/Images/hoothoot.png
hoppip,Grass,Flying,,https://github.com/Karthikeya622/Pokedex/blob/main/Images/hoppip.png
horsea,Water,,,https://github.com/Karthikeya622/Pokedex/blob/main/Images/horsea.png
houndoom,Dark,Fire,,https://github.com/Karthikeya622/Pokedex/blob/main/Images/houndoom.png
houndour,Dark,Fire,,https://github.com/Karthikeya622/Pokedex/blob/main/Images/houndour.png
huntail,Water,,,https://github.com/Karthikeya622/Pokedex/blob/main/Images/huntail.png
hydreigon,Dark,Dragon,,https://github.com/Karthikeya622/Pokedex/blob/main/Images/hydreigon.png
hypno,Psychic,,,https://github.com/Karthikeya622/Pokedex/blob/main/Images/hypno.png
igglybuff,Normal,Fairy,,https://github.com/Karthikeya622/Pokedex/blob/main/Images/igglybuff.png
illumise,Bug,,,https://github.com/Karthikeya622/Pokedex/blob/main/Images/illumise.png
incineroar,Fire,Dark,,https://github.com/Karthikeya622/Pokedex/blob/main/Images/incineroar.png
infernape,Fire,Fighting,,https://github.com/Karthikeya622/Pokedex/blob/main/Images/infernape.png
inkay,Dark,Psychic,,https://github.com/Karthikeya622/Pokedex/blob/main/Images/inkay.png
ivysaur,Grass,Poison,venusaur,https://github.com/Karthikeya622/Pokedex/blob/main/Images/ivysaur.png
jangmo-o,Dragon,,,https://github.com/Karthikeya622/Pokedex/blob/main/Images/jangmo-o.png
jellicent,Water,Ghost,,https://github.com/Karthikeya622/Pokedex/blob/main/Images/jellicent.png
jigglypuff,Normal,Fairy,,https://github.com/Karthikeya622/Pokedex/blob/main/Images/jigglypuff.png
jirachi,Steel,Psychic,,https://github.com/Karthikeya622/Pokedex/blob/main/Images/jirachi.png
jolteon,Electric,,,https://github.com/Karthikeya622/Pokedex/blob/main/Images/jolteon.png
joltik,Bug,Electric,,https://github.com/Karthikeya622/Pokedex/blob/main/Images/joltik.png
jumpluff,Grass,Flying,,https://github.com/Karthikeya622/Pokedex/blob/main/Images/jumpluff.png
jynx,Ice,Psychic,,https://github.com/Karthikeya622/Pokedex/blob/main/Images/jynx.png
kabuto,Rock,Water,,https://github.com/Karthikeya622/Pokedex/blob/main/Images/kabuto.png
kabutops,Rock,Water,,https://github.com/Karthikeya622/Pokedex/blob/main/Images/kabutops.png
kadabra,Psychic,,alakazam,https://github.com/Karthikeya622/Pokedex/blob/main/Images/kadabra.png
kakuna,Bug,Poison,beedrill,https://github.com/Karthikeya622/Pokedex/blob/main/Images/kakuna.png
kangaskhan,Normal,,,https://github.com/Karthikeya622/Pokedex/blob/main/Images/kangaskhan.png
karrablast,Bug,,,https://github.com/Karthikeya622/Pokedex/blob/main/Images/karrablast.png
kartana,Grass,Steel,,https://github.com/Karthikeya622/Pokedex/blob/main/Images/kartana.png
kecleon,Normal,,,https://github.com/Karthikeya622/Pokedex/blob/main/Images/kecleon.png
keldeo-ordinary,Water,Fighting,,https://github.com/Karthikeya622/Pokedex/blob/main/Images/keldeo-ordinary.png
kingdra,Water,Dragon,,https://github.com/Karthikeya622/Pokedex/blob/main/Images/kingdra.png
kingler,Water,,,https://github.com/Karthikeya622/Pokedex/blob/main/Images/kingler.png
kirlia,Psychic,Fairy,,https://github.com/Karthikeya622/Pokedex/blob/main/Images/kirlia.png
klang,Steel,,,https://github.com/Karthikeya622/Pokedex/blob/main/Images/klang.png
klefki,Steel,Fairy,,https://github.com/Karthikeya622/Pokedex/blob/main/Images/klefki.png
klink,Steel,,,https://github.com/Karthikeya622/Pokedex/blob/main/Images/klink.png
klinklang,Steel,,,https://github.com/Karthikeya622/Pokedex/blob/main/Images/klinklang.png
koffing,Poison,,,https://github.com/Karthikeya622/Pokedex/blob/main/Images/koffing.png
komala,Normal,,,https://github.com/Karthikeya622/Pokedex/blob/main/Images/komala.png
kommo-o,Dragon,Fighting,,https://github.com/Karthikeya622/Pokedex/blob/main/Images/kommo-o.png
krabby,Water,,,https://github.com/Karthikeya622/Pokedex/blob/main/Images/krabby.png
kricketot,Bug,,,https://github.com/Karthikeya622/Pokedex/blob/main/Images/kricketot.png
kricketune,Bug,,,https://github.com/Karthikeya622/Pokedex/blob/main/Images/kricketune.png
krokorok,Ground,Dark,,https://github.com/Karthikeya622/Pokedex/blob/main/Images/krokorok.png
krookodile,Ground,Dark,,https://github.com/Karthikeya622/Pokedex/blob/main/Images/krookodile.png
kyogre,Water,,,https://github.com/Karthikeya622/Pokedex/blob/main/Images/kyogre.png
kyurem,Dragon,Ice,,https://github.com/Karthikeya622/Pokedex/blob/main/Images/kyurem.png
lairon,Steel,Rock,,https://github.com/Karthikeya622/Pokedex/blob/main/Images/lairon.png
lampent,Ghost,Fire,,https://github.com/Karthikeya622/Pokedex/blob/main/Images/lampent.png
landorus-incarnate,Ground,Flying,,https://github.com/Karthikeya622/Pokedex/blob/main/Images/landorus-incarnate.png
lanturn,Water,Electric,,https://github.com/Karthikeya622/Pokedex/blob/main/Images/lanturn.png
lapras,Water,Ice,,https://github.com/Karthikeya622/Pokedex/blob/main/Images/lapras.png
larvesta,Bug,Fire,,https://github.com/Karthikeya622/Pokedex/blob/main/Images/larvesta.png
larvitar,Rock,Ground,,https://github.com/Karthikeya622/Pokedex/blob/main/Images/larvitar.png
latias,Dragon,Psychic,,https://github.com/Karthikeya622/Pokedex/blob/main/Images/latias.png
latios,Dragon,Psychic,,https://github.com/Karthikeya622/Pokedex/blob/main/Images/latios.png
leafeon,Grass,,,https://github.com/Karthikeya622/Pokedex/blob/main/Images/leafeon.png
leavanny,Bug,Grass,,https://github.com/Karthikeya622/Pokedex/blob/main/Images/leavanny.png
ledian,Bug,Flying,,https://github.com/Karthikeya622/Pokedex/blob/main/Images/ledian.png
ledyba,Bug,Flying,,https://github.com/Karthikeya622/Pokedex/blob/main/Images/ledyba.png
lickilicky,Normal,,,https://github.com/Karthikeya622/Pokedex/blob/main/Images/lickilicky.png
lickitung,Normal,,,https://github.com/Karthikeya622/Pokedex/blob/main/Images/lickitung.png
liepard,Dark,,,https://github.com/Karthikeya622/Pokedex/blob/main/Images/liepard.png
lileep,Rock,Grass,,https://github.com/Karthikeya622/Pokedex/blob/main/Images/lileep.png
lilligant,Grass,,,https://github.com/Karthikeya622/Pokedex/blob/main/Images/lilligant.png
lillipup,Normal,,,https://github.com/Karthikeya622/Pokedex/blob/main/Images/lillipup.png
linoone,Normal,,,https://github.com/Karthikeya622/Pokedex/blob/main/Images/linoone.png
litleo,Fire,Normal,,https://github.com/Karthikeya622/Pokedex/blob/main/Images/litleo.png
litten,Fire,,,https://github.com/Karthikeya622/Pokedex/blob/main/Images/litten.png
litwick,Ghost,Fire,,https://github.com/Karthikeya622/Pokedex/blob/main/Images/litwick.png
lombre,Water,Grass,,https://github.com/Karthikeya622/Pokedex/blob/main/Images/lombre.png
lopunny,Normal,,,https://github.com/Karthikeya622/Pokedex/blob/main/Images/lopunny.png
lotad,Water,Grass,,https://github.com/Karthikeya622/Pokedex/blob/main/Images/lotad.png
loudred,Normal,,,https://github.com/Karthikeya622/Pokedex/blob/main/Images/loudred.png
lucario,Fighting,Steel,,https://github.com/Karthikeya622/Pokedex/blob/main/Images/lucario.png
ludicolo,Water,Grass,,https://github.com/Karthikeya622/Pokedex/blob/main/Images/ludicolo.png
lugia,Psychic,Flying,,https://github.com/Karthikeya622/Pokedex/blob/main/Images/lugia.png
lumineon,Water,,,https://github.com/Karthikeya622/Pokedex/blob/main/Images/lumineon.png
lunala,Psychic,Ghost,,https://github.com/Karthikeya622/Pokedex/blob/main/Images/lunala.png
lunatone,Rock,Psychic,,https://github.com/Karthikeya622/Pokedex/blob/main/Images/lunatone.png
lurantis,Grass,,,https://github.com/Karthikeya622/Pokedex/blob/main/Images/lurantis.png
luvdisc,Water,,,https://github.com/Karthikeya622/Pokedex/blob/main/Images/luvdisc.png
luxio,Electric,,,https://github.com/Karthikeya622/Pokedex/blob/main/Images/luxio.png
luxray,Electric,,,https://github.com/Karthikeya622/Pokedex/blob/main/Images/luxray.png
lycanroc-midday,Rock,,,https://github.com/Karthikeya622/Pokedex/blob/main/Images/lycanroc-midday.png
machamp,Fighting,,,https://github.com/Karthikeya622/Pokedex/blob/main/Images/machamp.png
machoke,Fighting,,,https://github.com/Karthikeya622/Pokedex/blob/main/Images/machoke.png
machop,Fighting,,,https://github.com/Karthikeya622/Pokedex/blob/main/Images/machop.png
magby,Fire,,,https://github.com/Karthikeya622/Pokedex/blob/main/Images/magby.png
magcargo,Fire,Rock,,https://github.com/Karthikeya622/Pokedex/blob/main/Images/magcargo.png
magearna,Steel,Fairy,,https://github.com/Karthikeya622/Pokedex/blob/main/Images/magearna.png
magikarp,Water,,,https://github.com/Karthikeya622/Pokedex/blob/main/Images/magikarp.png
magmar,Fire,,,https://github.com/Karthikeya622/Pokedex/blob/main/Images/magmar.png
magmortar,Fire,,,https://github.com/Karthikeya622/Pokedex/blob/main/Images/magmortar.png
magnemite,Electric,Steel,,https://github.com/Karthikeya622/Pokedex/blob/main/Images/magnemite.png
magneton,Electric,Steel,,https://github.com/Karthikeya622/Pokedex/blob/main/Images/magneton.png
magnezone,Electric,Steel,,https://github.com/Karthikeya622/Pokedex/blob/main/Images/magnezone.png
makuhita,Fighting,,,https://github.com/Karthikeya622/Pokedex/blob/main/Images/makuhita.png
malamar,Dark,Psychic,,https://github.com/Karthikeya622/Pokedex/blob/main/Images/malamar.png
mamoswine,Ice,Ground,,https://github.com/Karthikeya622/Pokedex/blob/main/Images/mamoswine.png
manaphy,Water,,,https://github.com/Karthikeya622/Pokedex/blob/main/Images/manaphy.png
mandibuzz,Dark,Flying,,https://github.com/Karthikeya622/Pokedex/blob/main/Images/mandibuzz.png
manectric,Electric,,,https://github.com/Karthikeya622/Pokedex/blob/main/Images/manectric.png
mankey,Fighting,,primeape,https://github.com/Karthikeya622/Pokedex/blob/main/Images/mankey.png
mantine,Water,Flying,,https://github.com/Karthikeya622/Pokedex/blob/main/Images/mantine.png
mantyke,Water,Flying,,https://github.com/Karthikeya622/Pokedex/blob/main/Images/mantyke.png
maractus,Grass,,,https://github.com/Karthikeya622/Pokedex/blob/main/Images/maractus.png
mareanie,Poison,Water,,https://github.com/Karthikeya622/Pokedex/blob/main/Images/mareanie.png
mareep,Electric,,,https://github.com/Karthikeya622/Pokedex/blob/main/Images/mareep.png
marill,Water,Fairy,,https://github.com/Karthikeya622/Pokedex/blob/main/Images/marill.png
marowak,Ground,,,https://github.com/Karthikeya622/Pokedex/blob/main/Images/marowak.png
marshadow,Fighting,Ghost,,https://github.com/Karthikeya622/Pokedex/blob/main/Images/marshadow.png
marshtomp,Water,Ground,,https://github.com/Karthikeya622/Pokedex/blob/main/Images/marshtomp.png
masquerain,Bug,Flying,,https://github.com/Karthikeya622/Pokedex/blob/main/Images/masquerain.png
mawile,Steel,Fairy,,https://github.com/Karthikeya622/Pokedex/blob/main/Images/mawile.png
medicham,Fighting,Psychic,,https://github.com/Karthikeya622/Pokedex/blob/main/Images/medicham.png
meditite,Fighting,Psychic,,https://github.com/Karthikeya622/Pokedex/blob/main/Images/meditite.png
meganium,Grass,,,https://github.com/Karthikeya622/Pokedex/blob/main/Images/meganium.png
melmetal,Steel,,,https://github.com/Karthikeya622/Pokedex/blob/main/Images/melmetal.png
meloetta-aria,Normal,Psychic,,https://github.com/Karthikeya622/Pokedex/blob/main/Images/meloetta-aria.png
meltan,Steel,,,https://github.com/Karthikeya622/Pokedex/blob/main/Images/meltan.png
meowstic-male,Psychic,,,https://github.com/Karthikeya622/Pokedex/blob/main/Images/meowstic-male.png
meowth,Normal,,persian,https://github.com/Karthikeya622/Pokedex/blob/main/Images/meowth.png
mesprit,Psychic,,,https://github.com/Karthikeya622/Pokedex/blob/main/Images/mesprit.png
metagross,Steel,Psychic,,https://github.com/Karthikeya622/Pokedex/blob/main/Images/metagross.png
metang,Steel,Psychic,,https://github.com/Karthikeya622/Pokedex/blob/main/Images/metang.png
metapod,Bug,,butterfree,https://github.com/Karthikeya622/Pokedex/blob/main/Images/metapod.png
mew,Psychic,,,https://github.com/Karthikeya622/Pokedex/blob/main/Images/mew.png
mewtwo,Psychic,,,https://github.com/Karthikeya622/Pokedex/blob/main/Images/mewtwo.png
mienfoo,Fighting,,,https://github.com/Karthikeya622/Pokedex/blob/main/Images/mienfoo.png
mienshao,Fighting,,,https://github.com/Karthikeya622/Pokedex/blob/main/Images/mienshao.png
mightyena,Dark,,,https://github.com/Karthikeya622/Pokedex/blob/main/Images/mightyena.png
milotic,Water,,,https://github.com/Karthikeya622/Pokedex/blob/main/Images/milotic.png
miltank,Normal,,,https://github.com/Karthikeya622/Pokedex/blob/main/Images/miltank.png
mime-jr,Psychic,Fairy,,https://github.com/Karthikeya622/Pokedex/blob/main/Images/mime-jr.png
mimikyu,Ghost,Fairy,,https://github.com/Karthikeya622/Pokedex/blob/main/Images/mimikyu.png
minccino,Normal,,,https://github.com/Karthikeya622/Pokedex/blob/main/Images/minccino.png
minior-meteor,Rock,Flying,,https://github.com/Karthikeya622/Pokedex/blob/main/Images/minior-meteor.png
minun,Electric,,,https://github.com/Karthikeya622/Pokedex/blob/main/Images/minun.png
misdreavus,Ghost,,,https://github.com/Karthikeya622/Pokedex/blob/main/Images/misdreavus.png
mismagius,Ghost,,,https://github.com/Karthikeya622/Pokedex/blob/main/Images/mismagius.png
moltres,Fire,Flying,,https://github.com/Karthikeya622/Pokedex/blob/main/Images/moltres.png
monferno,Fire,Fighting,,https://github.com/Karthikeya622/Pokedex/blob/main/Images/monferno.png
morelull,Grass,Fairy,,https://github.com/Karthikeya622/Pokedex/blob/main/Images/morelull.png
mothim,Bug,Flying,,https://github.com/Karthikeya622/Pokedex/blob/main/Images/mothim.png
mr-mime,Psychic,Fairy,,https://github.com/Karthikeya622/Pokedex/blob/main/Images/mr-mime.png
mudbray,Ground,,,https://github.com/Karthikeya622/Pokedex/blob/main/Images/mudbray.png
mudkip,Water,,,https://github.com/Karthikeya622/Pokedex/blob/main/Images/mudkip.png
mudsdale,Ground,,,https://github.com/Karthikeya622/Pokedex/blob/main/Images/mudsdale.png
muk,Poison,,,https://github.com/Karthikeya622/Pokedex/blob/main/Images/muk.png
munchlax,Normal,,,https://github.com/Karthikeya622/Pokedex/blob/main/Images/munchlax.png
munna,Psychic,,,https://github.com/Karthikeya622/Pokedex/blob/main/Images/munna.png
murkrow,Dark,Flying,,https://github.com/Karthikeya622/Pokedex/blob/main/Images/murkrow.png
musharna,Psychic,,,https://github.com/Karthikeya622/Pokedex/blob/main/Images/musharna.png
naganadel,Poison,Dragon,,https://github.com/Karthikeya622/Pokedex/blob/main/Images/naganadel.png
natu,Psychic,Flying,,https://github.com/Karthikeya622/Pokedex/blob/main/Images/natu.png
necrozma,Psychic,,,https://github.com/Karthikeya622/Pokedex/blob/main/Images/necrozma.png
nidoking,Poison,Ground,,https://github.com/Karthikeya622/Pokedex/blob/main/Images/nidoking.png
nidoqueen,Poison,Ground,,https://github.com/Karthikeya622/Pokedex/blob/main/Images/nidoqueen.png
nidoran-f,Poison,,nidorina,https://github.com/Karthikeya622/Pokedex/blob/main/Images/nidoran-f.png
nidoran-m,Poison,,nidorino,https://github.com/Karthikeya622/Pokedex/blob/main/Images/nidoran-m.png
nidorina,Poison,,nidoqueen,https://github.com/Karthikeya622/Pokedex/blob/main/Images/nidorina.png
nidorino,Poison,,nidoking,https://github.com/Karthikeya622/Pokedex/blob/main/Images/nidorino.png
nihilego,Rock,Poison,,https://github.com/Karthikeya622/Pokedex/blob/main/Images/nihilego.png
nincada,Bug,Ground,,https://github.com/Karthikeya622/Pokedex/blob/main/Images/nincada.png
ninetales,Fire,,,https://github.com/Karthikeya622/Pokedex/blob/main/Images/ninetales.png
ninjask,Bug,Flying,,https://github.com/Karthikeya622/Pokedex/blob/main/Images/ninjask.png
noctowl,Normal,Flying,,https://github.com/Karthikeya622/Pokedex/blob/main/Images/noctowl.png
noibat,Flying,Dragon,,https://github.com/Karthikeya622/Pokedex/blob/main/Images/noibat.png
noivern,Flying,Dragon,,https://github.com/Karthikeya622/Pokedex/blob/main/Images/noivern.png
nosepass,Rock,,,https://github.com/Karthikeya622/Pokedex/blob/main/Images/nosepass.png
numel,Fire,Ground,,https://github.com/Karthikeya622/Pokedex/blob/main/Images/numel.png
nuzleaf,Grass,Dark,,https://github.com/Karthikeya622/Pokedex/blob/main/Images/nuzleaf.png
octillery,Water,,,https://github.com/Karthikeya622/Pokedex/blob/main/Images/octillery.png
oddish,Grass,Poison,,https://github.com/Karthikeya622/Pokedex/blob/main/Images/oddish.png
omanyte,Rock,Water,,https://github.com/Karthikeya622/Pokedex/blob/main/Images/omanyte.png
omastar,Rock,Water,,https://github.com/Karthikeya622/Pokedex/blob/main/Images/omastar.png
onix,Rock,Ground,,https://github.com/Karthikeya622/Pokedex/blob/main/Images/onix.png
oranguru,Normal,Psychic,,https://github.com/Karthikeya622/Pokedex/blob/main/Images/oranguru.png
oricorio-baile,Fire,Flying,,https://github.com/Karthikeya622/Pokedex/blob/main/Images/oricorio-baile.png
oshawott,Water,,,https://github.com/Karthikeya622/Pokedex/blob/main/Images/oshawott.png
pachirisu,Electric,,,https://github.com/Karthikeya622/Pokedex/blob/main/Images/pachirisu.png
palkia,Water,Dragon,,https://github.com/Karthikeya622/Pokedex/blob/main/Images/palkia.png
palossand,Ghost,Ground,,https://github.com/Karthikeya622/Pokedex/blob/main/Images/palossand.png
palpitoad,Water,Ground,,https://github.com/Karthikeya622/Pokedex/blob/main/Images/palpitoad.png
pancham,Fighting,,,https://github.com/Karthikeya622/Pokedex/blob/main/Images/pancham.png
pangoro,Fighting,Dark,,https://github.com/Karthikeya622/Pokedex/blob/main/Images/pangoro.png
panpour,Water,,,https://github.com/Karthikeya622/Pokedex/blob/main/Images/panpour.png
pansage,Grass,,,https://github.com/Karthikeya622/Pokedex/blob/main/Images/pansage.png
pansear,Fire,,,https://github.com/Karthikeya622/Pokedex/blob/main/Images/pansear.png
paras,Bug,Grass,,https://github.com/Karthikeya622/Pokedex/blob/main/Images/paras.png
parasect,Bug,Grass,,https://github.com/Karthikeya622/Pokedex/blob/main/Images/parasect.png
passimian,Fighting,,,https://github.com/Karthikeya622/Pokedex/blob/main/Images/passimian.png
patrat,Normal,,,https://github.com/Karthikeya622/Pokedex/blob/main/Images/patrat.png
pawniard,Dark,Steel,,https://github.com/Karthikeya622/Pokedex/blob/main/Images/pawniard.png
pelipper,Water,Flying,,https://github.com/Karthikeya622/Pokedex/blob/main/Images/pelipper.png
persian,Normal,,,https://github.com/Karthikeya622/Pokedex/blob/main/Images/persian.png
petilil,Grass,,,https://github.com/Karthikeya622/Pokedex/blob/main/Images/petilil.png
phanpy,Ground,,,https://github.com/Karthikeya622/Pokedex/blob/main/Images/phanpy.png
phantump,Ghost,Grass,,https://github.com/Karthikeya622/Pokedex/blob/main/Images/phantump.png
pheromosa,Bug,Fighting,,https://github.com/Karthikeya622/Pokedex/blob/main/Images/pheromosa.png
phione,Water,,,https://github.com/Karthikeya622/Pokedex/blob/main/Images/phione.png
pichu,Electric,,,https://github.com/Karthikeya622/Pokedex/blob/main/Images/pichu.png
pidgeot,Normal,Flying,,https://github.com/Karthikeya622/Pokedex/blob/main/Images/pidgeot.png
pidgeotto,Normal,Flying,pidgeot,https://github.com/Karthikeya622/Pokedex/blob/main/Images/pidgeotto.png
pidgey,Normal,Flying,pidgeotto,https://github.com/Karthikeya622/Pokedex/blob/main/Images/pidgey.png
pidove,Normal,Flying,,https://github.com/Karthikeya622/Pokedex/blob/main/Images/pidove.png
pignite,Fire,Fighting,,https://github.com/Karthikeya622/Pokedex/blob/main/Images/pignite.png
pikachu,Electric,,raichu,https://github.com/Karthikeya622/Pokedex/blob/main/Images/pikachu.png
pikipek,Normal,Flying,,https://github.com/Karthikeya622/Pokedex/blob/main/Images/pikipek.png
piloswine,Ice,Ground,,https://github.com/Karthikeya622/Pokedex/blob/main/Images/piloswine.png
pineco,Bug,,,https://github.com/Karthikeya622/Pokedex/blob/main/Images/pineco.png
pinsir,Bug,,,https://github.com/Karthikeya622/Pokedex/blob/main/Images/pinsir.png
piplup,Water,,,https://github.com/Karthikeya622/Pokedex/blob/main/Images/piplup.png
plusle,Electric,,,https://github.com/Karthikeya622/Pokedex/blob/main/Images/plusle.png
poipole,Poison,,,https://github.com/Karthikeya622/Pokedex/blob/main/Images/poipole.png
politoed,Water,,,https://github.com/Karthikeya622/Pokedex/blob/main/Images/politoed.png
poliwag,Water,,poliwhirl,https://github.com/Karthikeya622/Pokedex/blob/main/Images/poliwag.png
poliwhirl,Water,,poliwrath,https://github.com/Karthikeya622/Pokedex/blob/main/Images/poliwhirl.png
poliwrath,Water,Fighting,,https://github.com/Karthikeya622/Pokedex/blob/main/Images/poliwrath.png
ponyta,Fire,,,https://github.com/Karthikeya622/Pokedex/blob/main/Images/ponyta.png
poochyena,Dark,,,https://github.com/Karthikeya622/Pokedex/blob/main/Images/poochyena.png
popplio,Water,,,https://github.com/Karthikeya622/Pokedex/blob/main/Images/popplio.png
porygon,Normal,,,https://github.com/Karthikeya622/Pokedex/blob/main/Images/porygon.png
porygon2,Normal,,,https://github.com/Karthikeya622/Pokedex/blob/main/Images/porygon2.png
porygon-z,Normal,,,https://github.com/Karthikeya622/Pokedex/blob/main/Images/porygon-z.png
primarina,Water,Fairy,,https://github.com/Karthikeya622/Pokedex/blob/main/Images/primarina.png
primeape,Fighting,,,https://github.com/Karthikeya622/Pokedex/blob/main/Images/primeape.png
prinplup,Water,,,https://github.com/Karthikeya622/Pokedex/blob/main/Images/prinplup.png
probopass,Rock,Steel,,https://github.com/Karthikeya622/Pokedex/blob/main/Images/probopass.png
psyduck,Water,,golduck,https://github.com/Karthikeya622/Pokedex/blob/main/Images/psyduck.png
pumpkaboo-average,Ghost,Grass,,https://github.com/Karthikeya622/Pokedex/blob/main/Images/pumpkaboo-average.png
pupitar,Rock,Ground,,https://github.com/Karthikeya622/Pokedex/blob/main/Images/pupitar.png
purrloin,Dark,,,https://github.com/Karthikeya622/Pokedex/blob/main/Images/purrloin.png
purugly,Normal,,,https://github.com/Karthikeya622/Pokedex/blob/main/Images/purugly.png
pyroar,Fire,Normal,,https://github.com/Karthikeya622/Pokedex/blob/main/Images/pyroar.png
pyukumuku,Water,,,https://github.com/Karthikeya622/Pokedex/blob/main/Images/pyukumuku.png
quagsire,Water,Ground,,https://github.com/Karthikeya622/Pokedex/blob/main/Images/quagsire.png
quilava,Fire,,,https://github.com/Karthikeya622/Pokedex/blob/main/Images/quilava.png
quilladin,Grass,,,https://github.com/Karthikeya622/Pokedex/blob/main/Images/quilladin.png
qwilfish,Water,Poison,,https://github.com/Karthikeya622/Pokedex/blob/main/Images/qwilfish.png
raichu,Electric,,,https://github.com/Karthikeya622/Pokedex/blob/main/Images/raichu.png
raikou,Electric,,,https://github.com/Karthikeya622/Pokedex/blob/main/Images/raikou.png
ralts,Psychic,Fairy,,https://github.com/Karthikeya622/Pokedex/blob/main/Images/ralts.png
rampardos,Rock,,,https://github.com/Karthikeya622/Pokedex/blob/main/Images/rampardos.png
rapidash,Fire,,,https://github.com/Karthikeya622/Pokedex/blob/main/Images/rapidash.png
raticate,Normal,,,https://github.com/Karthikeya622/Pokedex/blob/main/Images/raticate.png
rattata,Normal,,raticate,https://github.com/Karthikeya622/Pokedex/blob/main/Images/rattata.png
rayquaza,Dragon,Flying,,https://github.com/Karthikeya622/Pokedex/blob/main/Images/rayquaza.png
regice,Ice,,,https://github.com/Karthikeya622/Pokedex/blob/main/Images/regice.png
regigigas,Normal,,,https://github.com/Karthikeya622/Pokedex/blob/main/Images/regigigas.png
regirock,Rock,,,https://github.com/Karthikeya622/Pokedex/blob/main/Images/regirock.png
registeel,Steel,,,https://github.com/Karthikeya622/Pokedex/blob/main/Images/registeel.png
relicanth,Water,Rock,,https://github.com/Karthikeya622/Pokedex/blob/main/Images/relicanth.png
remoraid,Water,,,https://github.com/Karthikeya622/Pokedex/blob/main/Images/remoraid.png
reshiram,Dragon,Fire,,https://github.com/Karthikeya622/Pokedex/blob/main/Images/reshiram.png
reuniclus,Psychic,,,https://github.com/Karthikeya622/Pokedex/blob/main/Images/reuniclus.png
rhydon,Ground,Rock,,https://github.com/Karthikeya622/Pokedex/blob/main/Images/rhydon.png
rhyhorn,Ground,Rock,,https://github.com/Karthikeya622/Pokedex/blob/main/Images/rhyhorn.png
rhyperior,Ground,Rock,,https://github.com/Karthikeya622/Pokedex/blob/main/Images/rhyperior.png
ribombee,Bug,Fairy,,https://github.com/Karthikeya622/Pokedex/blob/main/Images/ribombee.png
riolu,Fighting,,,https://github.com/Karthikeya622/Pokedex/blob/main/Images/riolu.png
rockruff,Rock,,,https://github.com/Karthikeya622/Pokedex/blob/main/Images/rockruff.png
roggenrola,Rock,,,https://github.com/Karthikeya622/Pokedex/blob/main/Images/roggenrola.png
roselia,Grass,Poison,,https://github.com/Karthikeya622/Pokedex/blob/main/Images/roselia.png
roserade,Grass,Poison,,https://github.com/Karthikeya622/Pokedex/blob/main/Images/roserade.png
rotom,Electric,Ghost,,https://github.com/Karthikeya622/Pokedex/blob/main/Images/rotom.png
rowlet,Grass,Flying,,https://github.com/Karthikeya622/Pokedex/blob/main/Images/rowlet.png
rufflet,Normal,Flying,,https://github.com/Karthikeya622/Pokedex/blob/main/Images/rufflet.png
sableye,Dark,Ghost,,https://github.com/Karthikeya622/Pokedex/blob/main/Images/sableye.png
salamence,Dragon,Flying,,https://github.com/Karthikeya622/Pokedex/blob/main/Images/salamence.png
salandit,Poison,Fire,,https://github.com/Karthikeya622/Pokedex/blob/main/Images/salandit.png
salazzle,Poison,Fire,,https://github.com/Karthikeya622/Pokedex/blob/main/Images/salazzle.png
samurott,Water,,,https://github.com/Karthikeya622/Pokedex/blob/main/Images/samurott.png
sandile,Ground,Dark,,https://github.com/Karthikeya622/Pokedex/blob/main/Images/sandile.png
sandshrew,Ground,,sandslash,https://github.com/Karthikeya622/Pokedex/blob/main/Images/sandshrew.png
sandslash,Ground,,,https://github.com/Karthikeya622/Pokedex/blob/main/Images/sandslash.png
sandygast,Ghost,Ground,,https://github.com/Karthikeya622/Pokedex/blob/main/Images/sandygast.png
sawk,Fighting,,,https://github.com/Karthikeya622/Pokedex/blob/main/Images/sawk.png
sawsbuck,Normal,Grass,,https://github.com/Karthikeya622/Pokedex/blob/main/Images/sawsbuck.png
scatterbug,Bug,,,https://github.com/Karthikeya622/Pokedex/blob/main/Images/scatterbug.png
sceptile,Grass,,,https://github.com/Karthikeya622/Pokedex/blob/main/Images/sceptile.png
scizor,Bug,Steel,,https://github.com/Karthikeya622/Pokedex/blob/main/Images/scizor.png
scolipede,Bug,Poison,,https://github.com/Karthikeya622/Pokedex/blob/main/Images/scolipede.png
scrafty,Dark,Fighting,,https://github.com/Karthikeya622/Pokedex/blob/main/Images/scrafty.png
scraggy,Dark,Fighting,,https://github.com/Karthikeya622/Pokedex/blob/main/Images/scraggy.png
scyther,Bug,Flying,,https://github.com/Karthikeya622/Pokedex/blob/main/Images/scyther.png
seadra,Water,,,https://github.com/Karthikeya622/Pokedex/blob/main/Images/seadra.png
seaking,Water,,,https://github.com/Karthikeya622/Pokedex/blob/main/Images/seaking.png
sealeo,Ice,Water,,https://github.com/Karthikeya622/Pokedex/blob/main/Images/sealeo.png
seedot,Grass,,,https://github.com/Karthikeya622/Pokedex/blob/main/Images/seedot.png
seel,Water,,,https://github.com/Karthikeya622/Pokedex/blob/main/Images/seel.png
seismitoad,Water,Ground,,https://github.com/Karthikeya622/Pokedex/blob/main/Images/seismitoad.png
sentret,Normal,,,https://github.com/Karthikeya622/Pokedex/blob/main/Images/sentret.png
serperior,Grass,,,https://github.com/Karthikeya622/Pokedex/blob/main/Images/serperior.png
servine,Grass,,,https://github.com/Karthikeya622/Pokedex/blob/main/Images/servine.png
seviper,Poison,,,https://github.com/Karthikeya622/Pokedex/blob/main/Images/seviper.png
sewaddle,Bug,Grass,,https://github.com/Karthikeya622/Pokedex/blob/main/Images/sewaddle.png
sharpedo,Water,Dark,,https://github.com/Karthikeya622/Pokedex/blob/main/Images/sharpedo.png
shaymin-land,Grass,,,https://github.com/Karthikeya622/Pokedex/blob/main/Images/shaymin-land.png
shedinja,Bug,Ghost,,https://github.com/Karthikeya622/Pokedex/blob/main/Images/shedinja.png
shelgon,Dragon,,,https://github.com/Karthikeya622/Pokedex/blob/main/Images/shelgon.png
shellder,Water,,,https://github.com/Karthikeya622/Pokedex/blob/main/Images/shellder.png
shellos,Water,,,https://github.com/Karthikeya622/Pokedex/blob/main/Images/shellos.png
shelmet,Bug,,,https://github.com/Karthikeya622/Pokedex/blob/main/Images/shelmet.png
shieldon,Rock,Steel,,https://github.com/Karthikeya622/Pokedex/blob/main/Images/shieldon.png
shiftry,Grass,Dark,,https://github.com/Karthikeya622/Pokedex/blob/main/Images/shiftry.png
shiinotic,Grass,Fairy,,https://github.com/Karthikeya622/Pokedex/blob/main/Images/shiinotic.png
shinx,Electric,,,https://github.com/Karthikeya622/Pokedex/blob/main/Images/shinx.png
shroomish,Grass,,,https://github.com/Karthikeya622/Pokedex/blob/main/Images/shroomish.png
shuckle,Bug,Rock,,https://github.com/Karthikeya622/Pokedex/blob/main/Images/shuckle.png
shuppet,Ghost,,,https://github.com/Karthikeya622/Pokedex/blob/main/Images/shuppet.png
sigilyph,Psychic,Flying,,https://github.com/Karthikeya622/Pokedex/blob/main/Images/sigilyph.png
silcoon,Bug,,,https://github.com/Karthikeya622/Pokedex/blob/main/Images/silcoon.png
silvally,Normal,,,https://github.com/Karthikeya622/Pokedex/blob/main/Images/silvally.png
simipour,Water,,,https://github.com/Karthikeya622/Pokedex/blob/main/Images/simipour.png
simisage,Grass,,,https://github.com/Karthikeya622/Pokedex/blob/main/Images/simisage.png
simisear,Fire,,,https://github.com/Karthikeya622/Pokedex/blob/main/Images/simisear.png
skarmory,Steel,Flying,,https://github.com/Karthikeya622/Pokedex/blob/main/Images/skarmory.png
skiddo,Grass,,,https://github.com/Karthikeya622/Pokedex/blob/main/Images/skiddo.png
skiploom,Grass,Flying,,https://github.com/Karthikeya622/Pokedex/blob/main/Images/skiploom.png
skitty,Normal,,,https://github.com/Karthikeya622/Pokedex/blob/main/Images/skitty.png
skorupi,Poison,Bug,,https://github.com/Karthikeya622/Pokedex/blob/main/Images/skorupi.png
skrelp,Poison,Water,,https://github.com/Karthikeya622/Pokedex/blob/main/Images/skrelp.png
skuntank,Poison,Dark,,https://github.com/Karthikeya622/Pokedex/blob/main/Images/skuntank.png
slaking,Normal,,,https://github.com/Karthikeya622/Pokedex/blob/main/Images/slaking.png
slakoth,Normal,,,https://github.com/Karthikeya622/Pokedex/blob/main/Images/slakoth.png
sliggoo,Dragon,,,https://github.com/Karthikeya622/Pokedex/blob/main/Images/sliggoo.png
slowbro,Water,Psychic,,https://github.com/Karthikeya622/Pokedex/blob/main/Images/slowbro.png
slowking,Water,Psychic,,https://github.com/Karthikeya622/Pokedex/blob/main/Images/slowking.png
slowpoke,Water,Psychic,,https://github.com/Karthikeya622/Pokedex/blob/main/Images/slowpoke.png
slugma,Fire,,,https://github.com/Karthikeya622/Pokedex/blob/main/Images/slugma.png
slurpuff,Fairy,,,https://github.com/Karthikeya622/Pokedex/blob/main/Images/slurpuff.png
smeargle,Normal,,,https://github.com/Karthikeya622/Pokedex/blob/main/Images/smeargle.png
smoochum,Ice,Psychic,,https://github.com/Karthikeya622/Pokedex/blob/main/Images/smoochum.png
sneasel,Dark,Ice,,https://github.com/Karthikeya622/Pokedex/blob/main/Images/sneasel.png
snivy,Grass,,,https://github.com/Karthikeya622/Pokedex/blob/main/Images/snivy.png
snorlax,Normal,,,https://github.com/Karthikeya622/Pokedex/blob/main/Images/snorlax.png
snorunt,Ice,,,https://github.com/Karthikeya622/Pokedex/blob/main/Images/snorunt.png
snover,Grass,Ice,,https://github.com/Karthikeya622/Pokedex/blob/main/Images/snover.png
snubbull,Fairy,,,https://github.com/Karthikeya622/Pokedex/blob/main/Images/snubbull.png
solgaleo,Psychic,Steel,,https://github.com/Karthikeya622/Pokedex/blob/main/Images/solgaleo.png
solosis,Psychic,,,https://github.com/Karthikeya622/Pokedex/blob/main/Images/solosis.png
solrock,Rock,Psychic,,https://github.com/Karthikeya622/Pokedex/blob/main/Images/solrock.png
spearow,Normal,Flying,fearow,https://github.com/Karthikeya622/Pokedex/blob/main/Images/spearow.png
spewpa,Bug,,,https://github.com/Karthikeya622/Pokedex/blob/main/Images/spewpa.png
spheal,Ice,Water,,https://github.com/Karthikeya622/Pokedex/blob/main/Images/spheal.png
spinarak,Bug,Poison,,https://github.com/Karthikeya622/Pokedex/blob/main/Images/spinarak.png
spinda,Normal,,,https://github.com/Karthikeya622/Pokedex/blob/main/Images/spinda.png
spiritomb,Ghost,Dark,,https://github.com/Karthikeya622/Pokedex/blob/main/Images/spiritomb.png
spoink,Psychic,,,https://github.com/Karthikeya622/Pokedex/blob/main/Images/spoink.png
spritzee,Fairy,,,https://github.com/Karthikeya622/Pokedex/blob/main/Images/spritzee.png
squirtle,Water,,wartortle,https://github.com/Karthikeya622/Pokedex/blob/main/Images/squirtle.png
stakataka,Rock,Steel,,https://github.com/Karthikeya622/Pokedex/blob/main/Images/stakataka.png
stantler,Normal,,,https://github.com/Karthikeya622/Pokedex/blob/main/Images/stantler.png
staraptor,Normal,Flying,,https://github.com/Karthikeya622/Pokedex/blob/main/Images/staraptor.png
staravia,Normal,Flying,,https://github.com/Karthikeya622/Pokedex/blob/main/Images/staravia.png
starly,Normal,Flying,,https://github.com/Karthikeya622/Pokedex/blob/main/Images/starly.png
starmie,Water,Psychic,,https://github.com/Karthikeya622/Pokedex/blob/main/Images/starmie.png
staryu,Water,,,https://github.com/Karthikeya622/Pokedex/blob/main/Images/staryu.png
steelix,Steel,Ground,,https://github.com/Karthikeya622/Pokedex/blob/main/Images/steelix.png
steenee,Grass,,,https://github.com/Karthikeya622/Pokedex/blob/main/Images/steenee.png
stoutland,Normal,,,https://github.com/Karthikeya622/Pokedex/blob/main/Images/stoutland.png
stufful,Normal,Fighting,,https://github.com/Karthikeya622/Pokedex/blob/main/Images/stufful.png
stunfisk,Ground,Electric,,https://github.com/Karthikeya622/Pokedex/blob/main/Images/stunfisk.png
stunky,Poison,Dark,,https://github.com/Karthikeya622/Pokedex/blob/main/Images/stunky.png
sudowoodo,Rock,,,https://github.com/Karthikeya622/Pokedex/blob/main/Images/sudowoodo.png
suicune,Water,,,https://github.com/Karthikeya622/Pokedex/blob/main/Images/suicune.png
sunflora,Grass,,,https://github.com/Karthikeya622/Pokedex/blob/main/Images/sunflora.png
sunkern,Grass,,,https://github.com/Karthikeya622/Pokedex/blob/main/Images/sunkern.png
surskit,Bug,Water,,https://github.com/Karthikeya622/Pokedex/blob/main/Images/surskit.png
swablu,Normal,Flying,,https://github.com/Karthikeya622/Pokedex/blob/main/Images/swablu.png
swadloon,Bug,Grass,,https://github.com/Karthikeya622/Pokedex/blob/main/Images/swadloon.png
swalot,Poison,,,https://github.com/Karthikeya622/Pokedex/blob/main/Images/swalot.png
swampert,Water,Ground,,https://github.com/Karthikeya622/Pokedex/blob/main/Images/swampert.png
swanna,Water,Flying,,https://github.com/Karthikeya622/Pokedex/blob/main/Images/swanna.png
swellow,Normal,Flying,,https://github.com/Karthikeya622/Pokedex/blob/main/Images/swellow.png
swinub,Ice,Ground,,https://github.com/Karthikeya622/Pokedex/blob/main/Images/swinub.png
swirlix,Fairy,,,https://github.com/Karthikeya622/Pokedex/blob/main/Images/swirlix.png
swoobat,Psychic,Flying,,https://github.com/Karthikeya622/Pokedex/blob/main/Images/swoobat.png
sylveon,Fairy,,,https://github.com/Karthikeya622/Pokedex/blob/main/Images/sylveon.png
taillow,Normal,Flying,,https://github.com/Karthikeya622/Pokedex/blob/main/Images/taillow.png
talonflame,Fire,Flying,,https://github.com/Karthikeya622/Pokedex/blob/main/Images/talonflame.png
tangela,Grass,,,https://github.com/Karthikeya622/Pokedex/blob/main/Images/tangela.png
tangrowth,Grass,,,https://github.com/Karthikeya622/Pokedex/blob/main/Images/tangrowth.png
tapu-bulu,Grass,Fairy,,https://github.com/Karthikeya622/Pokedex/blob/main/Images/tapu-bulu.png
tapu-fini,Water,Fairy,,https://github.com/Karthikeya622/Pokedex/blob/main/Images/tapu-fini.png
tapu-koko,Electric,Fairy,,https://github.com/Karthikeya622/Pokedex/blob/main/Images/tapu-koko.png
tapu-lele,Psychic,Fairy,,https://github.com/Karthikeya622/Pokedex/blob/main/Images/tapu-lele.png
tauros,Normal,,,https://github.com/Karthikeya622/Pokedex/blob/main/Images/tauros.png
teddiursa,Normal,,,https://github.com/Karthikeya622/Pokedex/blob/main/Images/teddiursa.png
tentacool,Water,Poison,,https://github.com/Karthikeya622/Pokedex/blob/main/Images/tentacool.png
tentacruel,Water,Poison,,https://github.com/Karthikeya622/Pokedex/blob/main/Images/tentacruel.png
tepig,Fire,,,https://github.com/Karthikeya622/Pokedex/blob/main/Images/tepig.png
terrakion,Rock,Fighting,,https://github.com/Karthikeya622/Pokedex/blob/main/Images/terrakion.png
throh,Fighting,,,https://github.com/Karthikeya622/Pokedex/blob/main/Images/throh.png
thundurus-incarnate,Electric,Flying,,https://github.com/Karthikeya622/Pokedex/blob/main/Images/thundurus-incarnate.png
timburr,Fighting,,,https://github.com/Karthikeya622/Pokedex/blob/main/Images/timburr.png
tirtouga,Water,Rock,,https://github.com/Karthikeya622/Pokedex/blob/main/Images/tirtouga.png
togedemaru,Electric,Steel,,https://github.com/Karthikeya622/Pokedex/blob/main/Images/togedemaru.png
togekiss,Fairy,Flying,,https://github.com/Karthikeya622/Pokedex/blob/main/Images/togekiss.png
togepi,Fairy,,,https://github.com/Karthikeya622/Pokedex/blob/main/Images/togepi.png
togetic,Fairy,Flying,,https://github.com/Karthikeya622/Pokedex/blob/main/Images/togetic.png
torchic,Fire,,,https://github.com/Karthikeya622/Pokedex/blob/main/Images/torchic.png
torkoal,Fire,,,https://github.com/Karthikeya622/Pokedex/blob/main/Images/torkoal.png
tornadus-incarnate,Flying,,,https://github.com/Karthikeya622/Pokedex/blob/main/Images/tornadus-incarnate.png
torracat,Fire,,,https://github.com/Karthikeya622/Pokedex/blob/main/Images/torracat.png
torterra,Grass,Ground,,https://github.com/Karthikeya622/Pokedex/blob/main/Images/torterra.png
totodile,Water,,,https://github.com/Karthikeya622/Pokedex/blob/main/Images/totodile.png
toucannon,Normal,Flying,,https://github.com/Karthikeya622/Pokedex/blob/main/Images/toucannon.png
toxapex,Poison,Water,,https://github.com/Karthikeya622/Pokedex/blob/main/Images/toxapex.png
toxicroak,Poison,Fighting,,https://github.com/Karthikeya622/Pokedex/blob/main/Images/toxicroak.png
tranquill,Normal,Flying,,https://github.com/Karthikeya622/Pokedex/blob/main/Images/tranquill.png
trapinch,Ground,,,https://github.com/Karthikeya622/Pokedex/blob/main/Images/trapinch.png
treecko,Grass,,,https://github.com/Karthikeya622/Pokedex/blob/main/Images/treecko.png
trevenant,Ghost,Grass,,https://github.com/Karthikeya622/Pokedex/blob/main/Images/trevenant.png
tropius,Grass,Flying,,https://github.com/Karthikeya622/Pokedex/blob/main/Images/tropius.png
trubbish,Poison,,,https://github.com/Karthikeya622/Pokedex/blob/main/Images/trubbish.png
trumbeak,Normal,Flying,,https://github.com/Karthikeya622/Pokedex/blob/main/Images/trumbeak.png
tsareena,Grass,,,https://github.com/Karthikeya622/Pokedex/blob/main/Images/tsareena.png
turtonator,Fire,Dragon,,https://github.com/Karthikeya622/Pokedex/blob/main/Images/turtonator.png
turtwig,Grass,,,https://github.com/Karthikeya622/Pokedex/blob/main/Images/turtwig.png
tympole,Water,,,https://github.com/Karthikeya622/Pokedex/blob/main/Images/tympole.png
tynamo,Electric,,,https://github.com/Karthikeya622/Pokedex/blob/main/Images/tynamo.png
type-null,Normal,,,https://github.com/Karthikeya622/Pokedex/blob/main/Images/type-null.png
typhlosion,Fire,,,https://github.com/Karthikeya622/Pokedex/blob/main/Images/typhlosion.png
tyranitar,Rock,Dark,,https://github.com/Karthikeya622/Pokedex/blob/main/Images/tyranitar.png
tyrantrum,Rock,Dragon,,https://github.com/Karthikeya622/Pokedex/blob/main/Images/tyrantrum.png
tyrogue,Fighting,,,https://github.com/Karthikeya622/Pokedex/blob/main/Images/tyrogue.png
tyrunt,Rock,Dragon,,https://github.com/Karthikeya622/Pokedex/blob/main/Images/tyrunt.png
umbreon,Dark,,,https://github.com/Karthikeya622/Pokedex/blob/main/Images/umbreon.png
unfezant,Normal,Flying,,https://github.com/Karthikeya622/Pokedex/blob/main/Images/unfezant.png
unown,Psychic,,,https://github.com/Karthikeya622/Pokedex/blob/main/Images/unown.png
ursaring,Normal,,,https://github.com/Karthikeya622/Pokedex/blob/main/Images/ursaring.png
uxie,Psychic,,,https://github.com/Karthikeya622/Pokedex/blob/main/Images/uxie.png
vanillish,Ice,,,https://github.com/Karthikeya622/Pokedex/blob/main/Images/vanillish.png
vanillite,Ice,,,https://github.com/Karthikeya622/Pokedex/blob/main/Images/vanillite.png
vanilluxe,Ice,,,https://github.com/Karthikeya622/Pokedex/blob/main/Images/vanilluxe.png
vaporeon,Water,,,https://github.com/Karthikeya622/Pokedex/blob/main/Images/vaporeon.png
venipede,Bug,Poison,,https://github.com/Karthikeya622/Pokedex/blob/main/Images/venipede.png
venomoth,Bug,Poison,,https://github.com/Karthikeya622/Pokedex/blob/main/Images/venomoth.png
venonat,Bug,Poison,,https://github.com/Karthikeya622/Pokedex/blob/main/Images/venonat.png
venusaur,Grass,Poison,,https://github.com/Karthikeya622/Pokedex/blob/main/Images/venusaur.png
vespiquen,Bug,Flying,,https://github.com/Karthikeya622/Pokedex/blob/main/Images/vespiquen.png
vibrava,Ground,Dragon,,https://github.com/Karthikeya622/Pokedex/blob/main/Images/vibrava.png
victini,Psychic,Fire,,https://github.com/Karthikeya622/Pokedex/blob/main/Images/victini.png
victreebel,Grass,Poison,,https://github.com/Karthikeya622/Pokedex/blob/main/Images/victreebel.png
vigoroth,Normal,,,https://github.com/Karthikeya622/Pokedex/blob/main/Images/vigoroth.png
vikavolt,Bug,Electric,,https://github.com/Karthikeya622/Pokedex/blob/main/Images/vikavolt.png
vileplume,Grass,Poison,,https://github.com/Karthikeya622/Pokedex/blob/main/Images/vileplume.png
virizion,Grass,Fighting,,https://github.com/Karthikeya622/Pokedex/blob/main/Images/virizion.png
vivillon,Bug,Flying,,https://github.com/Karthikeya622/Pokedex/blob/main/Images/vivillon.png
volbeat,Bug,,,https://github.com/Karthikeya622/Pokedex/blob/main/Images/volbeat.png
volcanion,Fire,Water,,https://github.com/Karthikeya622/Pokedex/blob/main/Images/volcanion.png
volcarona,Bug,Fire,,https://github.com/Karthikeya622/Pokedex/blob/main/Images/volcarona.png
voltorb,Electric,,,https://github.com/Karthikeya622/Pokedex/blob/main/Images/voltorb.png
vullaby,Dark,Flying,,https://github.com/Karthikeya622/Pokedex/blob/main/Images/vullaby.png
vulpix,Fire,,ninetales,https://github.com/Karthikeya622/Pokedex/blob/main/Images/vulpix.png
wailmer,Water,,,https://github.com/Karthikeya622/Pokedex/blob/main/Images/wailmer.png
wailord,Water,,,https://github.com/Karthikeya622/Pokedex/blob/main/Images/wailord.png
walrein,Ice,Water,,https://github.com/Karthikeya622/Pokedex/blob/main/Images/walrein.png
wartortle,Water,,blastoise,https://github.com/Karthikeya622/Pokedex/blob/main/Images/wartortle.png
watchog,Normal,,,https://github.com/Karthikeya622/Pokedex/blob/main/Images/watchog.png
weavile,Dark,Ice,,https://github.com/Karthikeya622/Pokedex/blob/main/Images/weavile.png
weedle,Bug,Poison,kakuna,https://github.com/Karthikeya622/Pokedex/blob/main/Images/weedle.png
weepinbell,Grass,Poison,,https://github.com/Karthikeya622/Pokedex/blob/main/Images/weepinbell.png
weezing,Poison,,,https://github.com/Karthikeya622/Pokedex/blob/main/Images/weezing.png
whimsicott,Grass,Fairy,,https://github.com/Karthikeya622/Pokedex/blob/main/Images/whimsicott.png
whirlipede,Bug,Poison,,https://github.com/Karthikeya622/Pokedex/blob/main/Images/whirlipede.png
whiscash,Water,Ground,,https://github.com/Karthikeya622/Pokedex/blob/main/Images/whiscash.png
whismur,Normal,,,https://github.com/Karthikeya622/Pokedex/blob/main/Images/whismur.png
wigglytuff,Normal,Fairy,,https://github.com/Karthikeya622/Pokedex/blob/main/Images/wigglytuff.png
wimpod,Bug,Water,,https://github.com/Karthikeya622/Pokedex/blob/main/Images/wimpod.png
wingull,Water,Flying,,https://github.com/Karthikeya622/Pokedex/blob/main/Images/wingull.png
wishiwashi-solo,Water,,,https://github.com/Karthikeya622/Pokedex/blob/main/Images/wishiwashi-solo.png
wobbuffet,Psychic,,,https://github.com/Karthikeya622/Pokedex/blob/main/Images/wobbuffet.png
woobat,Psychic,Flying,,https://github.com/Karthikeya622/Pokedex/blob/main/Images/woobat.png
wooper,Water,Ground,,https://github.com/Karthikeya622/Pokedex/blob/main/Images/wooper.png
wormadam-plant,Bug,Grass,,https://github.com/Karthikeya622/Pokedex/blob/main/Images/wormadam-plant.png
wurmple,Bug,,,https://github.com/Karthikeya622/Pokedex/blob/main/Images/wurmple.png
wynaut,Psychic,,,https://github.com/Karthikeya622/Pokedex/blob/main/Images/wynaut.png
xatu,Psychic,Flying,,https://github.com/Karthikeya622/Pokedex/blob/main/Images/xatu.png
xerneas,Fairy,,,https://github.com/Karthikeya622/Pokedex/blob/main/Images/xerneas.png
xurkitree,Electric,,,https://github.com/Karthikeya622/Pokedex/blob/main/Images/xurkitree.png
yamask,Ghost,,,https://github.com/Karthikeya622/Pokedex/blob/main/Images/yamask.png
yanma,Bug,Flying,,https://github.com/Karthikeya622/Pokedex/blob/main/Images/yanma.png
yanmega,Bug,Flying,,https://github.com/Karthikeya622/Pokedex/blob/main/Images/yanmega.png
yungoos,Normal,,,https://github.com/Karthikeya622/Pokedex/blob/main/Images/yungoos.png
yveltal,Dark,Flying,,https://github.com/Karthikeya622/Pokedex/blob/main/Images/yveltal.png
zangoose,Normal,,,https://github.com/Karthikeya622/Pokedex/blob/main/Images/zangoose.png
zapdos,Electric,Flying,,https://github.com/Karthikeya622/Pokedex/blob/main/Images/zapdos.png
zebstrika,Electric,,,https://github.com/Karthikeya622/Pokedex/blob/main/Images/zebstrika.png
zekrom,Dragon,Electric,,https://github.com/Karthikeya622/Pokedex/blob/main/Images/zekrom.png
zeraora,Electric,,,https://github.com/Karthikeya622/Pokedex/blob/main/Images/zeraora.png
zigzagoon,Normal,,,https://github.com/Karthikeya622/Pokedex/blob/main/Images/zigzagoon.png
zoroark,Dark,,,https://github.com/Karthikeya622/Pokedex/blob/main/Images/zoroark.png
zorua,Dark,,,https://github.com/Karthikeya622/Pokedex/blob/main/Images/zorua.png
zubat,Poison,Flying,,https://github.com/Karthikeya622/Pokedex/blob/main/Images/zubat.png
zweilous,Dark,Dragon,,https://github.com/Karthikeya622/Pokedex/blob/main/Images/zweilous.png
zygarde-50,Dragon,Ground,,https://github.com/Karthikeya622/Pokedex/blob/main/Images/zygarde-50.png
